number	value	datetime_start	datetime_complete	params_loss.adversarial_temperature	params_loss.margin	params_model.embedding_dim	params_negative_sampler.num_negs_per_pos	params_optimizer.lr	params_training.batch_size	user_attrs_avg.adjusted_mean_rank	user_attrs_avg.hits_at_1	user_attrs_avg.hits_at_10	user_attrs_avg.hits_at_3	user_attrs_avg.hits_at_5	user_attrs_avg.mean_rank	user_attrs_avg.mean_reciprocal_rank	user_attrs_best.hits_at_1	user_attrs_best.hits_at_10	user_attrs_best.hits_at_3	user_attrs_best.hits_at_5	user_attrs_best.mean_rank	user_attrs_best.mean_reciprocal_rank	user_attrs_failure	user_attrs_random_seed	user_attrs_stopped_epoch	user_attrs_worst.hits_at_1	user_attrs_worst.hits_at_10	user_attrs_worst.hits_at_3	user_attrs_worst.hits_at_5	user_attrs_worst.mean_rank	user_attrs_worst.mean_reciprocal_rank	system_attrs__number	system_attrs_fail_reason	state
0	0.008112336874567739	2020-07-26 03:32:12.358085	2020-07-26 03:49:37.222689	0.3484249128405157	3.6227076011097537	128	27	0.0003149016492502097	512	0.9447118401816611	0.0013945736346217077	0.008112336874567739	0.003174639168244538	0.004756289753852084	4507.731065544961	0.004802896373918435	0.0013945736346217077	0.008112336874567739	0.003174639168244538	0.004756289753852084	4507.730008276738	0.004802897354794471		737209687.0	125.0	0.0013945736346217077	0.008112336874567739	0.003174639168244538	0.004756289753852084	4507.732122813184	0.004802895401567613	0		COMPLETE
1	0.005311851608294878	2020-07-26 03:49:37.224243	2020-07-26 04:17:38.473712	0.4388389701721689	27.8240642344341	64	24	0.0001649574408814205	256	0.7469977451795636	0.0009750677445322509	0.005311851608294878	0.0020578464608442273	0.0030499212009206453	3547.6242559439447	0.003654017926218804	0.0009750677445322509	0.005311851608294878	0.0020578464608442273	0.0030499212009206453	3547.6225354028957	0.0036540414846349227		4116794872.0	150.0	0.0009750677445322509	0.005311851608294878	0.0020578464608442273	0.0030499212009206453	3547.625976484994	0.0036539958967809825	1		COMPLETE
2	0.012800598646243154	2020-07-26 04:17:38.475109	2020-07-26 04:51:29.099313	0.34079223694881233	11.443514455665396	64	33	0.0002509292537313419	512	0.6043426714089538	0.0022732684044036782	0.012800598646243154	0.0053231896053243235	0.007726844975566616	2867.9988945452897	0.007819162800782606	0.0022732684044036782	0.012800598646243154	0.0053231896053243235	0.007726844975566616	2867.9977664145854	0.007819164270597322		2070443156.0	250.0	0.0022732684044036782	0.012800598646243154	0.0053231896053243235	0.007726844975566616	2868.000022675994	0.007819161340500229	2		COMPLETE
3	0.016258687740223814	2020-07-26 04:51:29.100868	2020-07-26 05:14:55.121505	0.9289836739068306	23.921249029178163	128	22	0.001445183780152937	1024	0.5911730442360031	0.004076009932085398	0.016258687740223814	0.007551106021610222	0.010476309255206975	2804.585176702684	0.010040744182186624	0.004076009932085398	0.016258687740223814	0.007551106021610222	0.010476309255206975	2804.583493010125	0.010040747764160446		3113825764.0	200.0	0.004076009932085398	0.016258687740223814	0.007551106021610222	0.010476309255206975	2804.5868603952426	0.010040740641233978	3		COMPLETE
4		2020-07-26 05:14:55.123185	2020-07-26 05:15:12.540543	0.9922601027371069	22.97862287843704	512	17	0.08561402497623195	256														CUDA out of memory. Tried to allocate 18.84 GiB (GPU 0; 31.72 GiB total capacity; 6.63 GiB already allocated; 11.74 GiB free; 19.05 GiB reserved in total by PyTorch)									4	Setting status of trial#4 as TrialState.FAIL because the returned value from the objective function cannot be casted to float. Returned value is: None	FAIL
5		2020-07-26 05:15:12.540560	2020-07-26 05:15:25.323471	0.879302990135731	14.585651978656488	512	25	0.00227698059750121	2048														CUDA out of memory. Tried to allocate 18.84 GiB (GPU 0; 31.72 GiB total capacity; 6.63 GiB already allocated; 11.72 GiB free; 19.07 GiB reserved in total by PyTorch)									5	Setting status of trial#5 as TrialState.FAIL because the returned value from the objective function cannot be casted to float. Returned value is: None	FAIL
6		2020-07-26 05:15:25.323488	2020-07-26 05:15:47.784309	0.7833548839076118	15.936521997876158	512	44	0.00019071592104756793	512														CUDA out of memory. Tried to allocate 18.84 GiB (GPU 0; 31.72 GiB total capacity; 6.63 GiB already allocated; 11.75 GiB free; 19.04 GiB reserved in total by PyTorch)									6	Setting status of trial#6 as TrialState.FAIL because the returned value from the objective function cannot be casted to float. Returned value is: None	FAIL
7	0.0031973151623034273	2020-07-26 05:15:47.784327	2020-07-26 05:25:23.145876	0.9940163948606323	20.96953053624712	128	3	0.48583920754143667	2048	0.9225518677347943	0.00028344992573611945	0.0031973151623034273	0.0009013707638408599	0.0014682706153130987	4397.837447136589	0.0024708422930347085	0.00028344992573611945	0.0031973151623034273	0.0009013707638408599	0.0014682706153130987	4397.8366421388	0.0024708438730839865		1534670571.0	125.0	0.00028344992573611945	0.0031973151623034273	0.0009013707638408599	0.0014682706153130987	4397.838252134378	0.0024708407291428544	7		COMPLETE
8		2020-07-26 05:25:23.147232	2020-07-26 05:25:38.036268	0.8244248214494215	19.777247866797435	512	9	0.001416228930698416	256														CUDA out of memory. Tried to allocate 18.84 GiB (GPU 0; 31.72 GiB total capacity; 6.63 GiB already allocated; 7.24 GiB free; 23.55 GiB reserved in total by PyTorch)									8	Setting status of trial#8 as TrialState.FAIL because the returned value from the objective function cannot be casted to float. Returned value is: None	FAIL
9		2020-07-26 05:25:38.036286	2020-07-26 05:25:51.083093	0.16018856624700223	5.8801455337096025	512	17	0.0010325744097028525	512														CUDA out of memory. Tried to allocate 18.84 GiB (GPU 0; 31.72 GiB total capacity; 6.63 GiB already allocated; 7.24 GiB free; 23.55 GiB reserved in total by PyTorch)									9	Setting status of trial#9 as TrialState.FAIL because the returned value from the objective function cannot be casted to float. Returned value is: None	FAIL
10	0.01041395027154503	2020-07-26 05:25:51.083111	2020-07-26 05:45:39.465688	0.9884950840493545	17.571196443548477	64	42	0.005225467004132685	512	0.944014106890363	0.0026587603034048004	0.01041395027154503	0.004824317736028753	0.006734770235490199	4504.558161090262	0.0063908075928381285	0.0026587603034048004	0.01041395027154503	0.004824317736028753	0.006734770235490199	4504.5567296681365	0.006390809327334808		4063740937.0	150.0	0.0026587603034048004	0.01041395027154503	0.004824317736028753	0.006734770235490199	4504.559592512387	0.006390805876381682	10		COMPLETE
11		2020-07-26 05:45:39.467053	2020-07-26 05:45:48.609116	0.345415527441894	12.796592726146693	512	6	0.004361607725582506	512														CUDA out of memory. Tried to allocate 18.84 GiB (GPU 0; 31.72 GiB total capacity; 6.63 GiB already allocated; 7.24 GiB free; 23.55 GiB reserved in total by PyTorch)									11	Setting status of trial#11 as TrialState.FAIL because the returned value from the objective function cannot be casted to float. Returned value is: None	FAIL
12	0.014019433326908469	2020-07-26 05:45:48.609134	2020-07-26 06:19:43.821108	0.24626133031161151	27.547473507442568	128	29	0.0005136472127367724	512	0.6706868160341994	0.003917277973673171	0.014019433326908469	0.007086248143402986	0.0094445515255275	3187.3125177156203	0.008902115071273054	0.003917277973673171	0.014019433326908469	0.007086248143402986	0.0094445515255275	3187.3105930906245	0.008902123451536596		2909191758.0	225.0	0.003917277973673171	0.014019433326908469	0.007086248143402986	0.0094445515255275	3187.314442340616	0.008902106896259376	12		COMPLETE
13		2020-07-26 06:19:43.822630	2020-07-26 06:19:54.822870	0.36025320707547337	11.485694312187416	512	11	0.7967085875681648	512														CUDA out of memory. Tried to allocate 18.84 GiB (GPU 0; 31.72 GiB total capacity; 6.63 GiB already allocated; 7.24 GiB free; 23.55 GiB reserved in total by PyTorch)									13	Setting status of trial#13 as TrialState.FAIL because the returned value from the objective function cannot be casted to float. Returned value is: None	FAIL
14	0.006434313314209912	2020-07-26 06:19:54.822886	2020-07-26 06:30:27.346488	0.48005741099695043	19.973247974201158	64	27	0.1604473899497526	2048	0.9569383265542554	0.0011451376999739226	0.006434313314209912	0.002590732321228132	0.003758546015260944	4565.7568679917	0.004092031300548211	0.0011451376999739226	0.006434313314209912	0.002590732321228132	0.003758546015260944	4565.755881585959	0.004092032192381237		1916887471.0	125.0	0.0011451376999739226	0.006434313314209912	0.002590732321228132	0.003758546015260944	4565.757854397442	0.004092030413559926	14		COMPLETE
15	0.007301670086962437	2020-07-26 06:30:27.347923	2020-07-26 06:44:20.484629	0.48926978157787926	28.349470154023575	128	1	0.06973738794162794	512	0.8576177126876612	0.001893445503917278	0.007301670086962437	0.003435413099921768	0.004688261771675415	4087.0916280229935	0.004909603156978133	0.001893445503917278	0.007301670086962437	0.003435413099921768	0.004688261771675415	4087.090148414381	0.0049096035516572895		1520789975.0	125.0	0.001893445503917278	0.007301670086962437	0.003435413099921768	0.004688261771675415	4087.093107631606	0.0049096027632217435	15		COMPLETE
16	0.0028968582410231407	2020-07-26 06:44:20.486136	2020-07-26 06:58:12.504687	0.9924664899057565	1.3760190582007388	128	34	0.9303052803124127	2048	0.7640922351238796	0.0003741539019716777	0.0028968582410231407	0.0009410537534439166	0.0015136226034308778	3627.9652036871166	0.002311152350441137	0.0003741539019716777	0.0028968582410231407	0.0009410537534439166	0.0015136226034308778	3627.9642229503734	0.0023111545521132663		1741219786.0	125.0	0.0003741539019716777	0.0028968582410231407	0.0009410537534439166	0.0015136226034308778	3627.96618442386	0.0023111501617527025	16		COMPLETE
17		2020-07-26 06:58:12.506250	2020-07-26 06:58:31.270608	0.8612781172244962	19.36350758949141	512	39	0.0021103765985411305	1024														CUDA out of memory. Tried to allocate 18.84 GiB (GPU 0; 31.72 GiB total capacity; 6.63 GiB already allocated; 7.24 GiB free; 23.55 GiB reserved in total by PyTorch)									17	Setting status of trial#17 as TrialState.FAIL because the returned value from the objective function cannot be casted to float. Returned value is: None	FAIL
18	0.014597671175410151	2020-07-26 06:58:31.270626	2020-07-26 07:19:49.103063	0.20447997978531568	11.020026584064594	64	8	0.0013970261918990722	512	0.5613246604053854	0.0028061542647875824	0.014597671175410151	0.006179208381047404	0.008713250717128312	2660.866438394993	0.00894159907684284	0.0028061542647875824	0.014597671175410151	0.006179208381047404	0.008713250717128312	2660.8654803342442	0.008941602351530152		1678384005.0	175.0	0.0028061542647875824	0.014597671175410151	0.006179208381047404	0.008713250717128312	2660.867396455742	0.008941595835339732	18		COMPLETE
19		2020-07-26 07:19:49.104683	2020-07-26 07:19:57.157537	0.5293349999266495	12.920191845456687	512	11	0.5786693547293049	2048														CUDA out of memory. Tried to allocate 18.84 GiB (GPU 0; 31.72 GiB total capacity; 6.63 GiB already allocated; 7.24 GiB free; 23.55 GiB reserved in total by PyTorch)									19	Setting status of trial#19 as TrialState.FAIL because the returned value from the objective function cannot be casted to float. Returned value is: None	FAIL
20	0.004949035703352645	2020-07-26 07:19:57.157557	2020-07-26 07:32:02.599512	0.8500386182245273	13.121205742183976	64	25	0.14654486104466752	1024	0.9502217122892281	0.0005045408678102926	0.004949035703352645	0.00166101656481366	0.002534042336080908	4533.043827027517	0.003172849088333759	0.0005045408678102926	0.004949035703352645	0.00166101656481366	0.002534042336080908	4533.042908649758	0.003172849491138958		3582725107.0	125.0	0.0005045408678102926	0.004949035703352645	0.00166101656481366	0.002534042336080908	4533.044745405276	0.003172848686722081	20		COMPLETE
21	0.011666798943298676	2020-07-26 07:32:02.600939	2020-07-26 07:50:33.005426	0.7026394022342293	12.96775480209188	128	3	0.0010862201164755815	512	0.7761021677691365	0.0029818932187439767	0.011666798943298676	0.005731357498384336	0.007749520969625506	3695.3456218324473	0.007163433577614825	0.0029818932187439767	0.011666798943298676	0.005731357498384336	0.007749520969625506	3695.3432918740577	0.007163434535143269		1424567704.0	150.0	0.0029818932187439767	0.011666798943298676	0.005731357498384336	0.007749520969625506	3695.3479517908368	0.00716343262329037	21		COMPLETE
22	0.012097642830417579	2020-07-26 07:50:33.007066	2020-07-26 08:10:24.725039	0.5371608477742811	17.195242202353253	128	50	0.004600581549183242	2048	0.8993864073567235	0.00282316126033175	0.012097642830417579	0.0057200195013548906	0.007936597920611344	4289.656977403372	0.007034376861416126	0.00282316126033175	0.012097642830417579	0.0057200195013548906	0.007936597920611344	4289.654877039422	0.007034378224113516		1201915604.0	150.0	0.00282316126033175	0.012097642830417579	0.0057200195013548906	0.007936597920611344	4289.659077767322	0.007034375504872454	22		COMPLETE
23		2020-07-26 08:10:24.726408	2020-07-26 08:10:35.137897	0.7715420283702171	28.360285993919145	256	38	0.7294780060815467	2048														CUDA out of memory. Tried to allocate 9.42 GiB (GPU 0; 31.72 GiB total capacity; 12.62 GiB already allocated; 7.23 GiB free; 23.56 GiB reserved in total by PyTorch)									23	Setting status of trial#23 as TrialState.FAIL because the returned value from the objective function cannot be casted to float. Returned value is: None	FAIL
24		2020-07-26 08:10:35.137915	2020-07-26 08:10:40.610339	0.16646743479591897	6.527627119089849	256	9	0.25520138205212983	2048														CUDA out of memory. Tried to allocate 9.42 GiB (GPU 0; 31.72 GiB total capacity; 12.62 GiB already allocated; 7.23 GiB free; 23.56 GiB reserved in total by PyTorch)									24	Setting status of trial#24 as TrialState.FAIL because the returned value from the objective function cannot be casted to float. Returned value is: None	FAIL
25	0.007704168981507727	2020-07-26 08:10:40.610355	2020-07-26 08:33:12.906247	0.2656650941538953	3.245518758471437	64	13	0.00013633371906443523	256	0.9363607563960371	0.001224503679180036	0.007704168981507727	0.0028798512454789736	0.00448417782514541	4467.348036825814	0.004527949276302318	0.001224503679180036	0.007704168981507727	0.0028798512454789736	0.00448417782514541	4467.347050420073	0.0045279499136193615		1475701848.0	125.0	0.001224503679180036	0.007704168981507727	0.0028798512454789736	0.00448417782514541	4467.349023231556	0.004527948642153554	25		COMPLETE
26		2020-07-26 08:33:12.907785	2020-07-26 08:33:21.028573	0.12740832280325362	26.001488719618408	512	8	0.005944524205665643	1024														CUDA out of memory. Tried to allocate 18.84 GiB (GPU 0; 31.72 GiB total capacity; 6.63 GiB already allocated; 7.24 GiB free; 23.55 GiB reserved in total by PyTorch)									26	Setting status of trial#26 as TrialState.FAIL because the returned value from the objective function cannot be casted to float. Returned value is: None	FAIL
27		2020-07-26 08:33:21.028590	2020-07-26 08:33:29.170275	0.2299907154502931	13.24223846443075	256	7	0.003685208183507122	512														CUDA out of memory. Tried to allocate 9.42 GiB (GPU 0; 31.72 GiB total capacity; 12.62 GiB already allocated; 7.23 GiB free; 23.56 GiB reserved in total by PyTorch)									27	Setting status of trial#27 as TrialState.FAIL because the returned value from the objective function cannot be casted to float. Returned value is: None	FAIL
28		2020-07-26 08:33:29.170293	2020-07-26 08:33:48.450272	0.5452869855117431	6.51582107651983	256	50	0.0009697705932536194	256														CUDA out of memory. Tried to allocate 9.42 GiB (GPU 0; 31.72 GiB total capacity; 12.62 GiB already allocated; 7.23 GiB free; 23.56 GiB reserved in total by PyTorch)									28	Setting status of trial#28 as TrialState.FAIL because the returned value from the objective function cannot be casted to float. Returned value is: None	FAIL
29	0.0117234889284459	2020-07-26 08:33:48.450288	2020-07-26 08:55:22.635530	0.3721405545160238	18.500736990085446	128	48	0.015800508479149527	1024	0.9327599065937457	0.00294221022914092	0.0117234889284459	0.005737026496899058	0.007789203959228563	4450.436853025544	0.007056056232429194	0.00294221022914092	0.0117234889284459	0.005737026496899058	0.007789203959228563	4450.435129649996	0.007056057510190629		440808673.0	150.0	0.00294221022914092	0.0117234889284459	0.005737026496899058	0.007789203959228563	4450.438576401093	0.007056054961581059	29		COMPLETE
30		2020-07-26 08:55:22.637000	2020-07-26 08:55:39.478464	0.6134291199179746	1.4997558675843323	256	37	0.2257086871711937	256														CUDA out of memory. Tried to allocate 9.42 GiB (GPU 0; 31.72 GiB total capacity; 12.62 GiB already allocated; 7.23 GiB free; 23.56 GiB reserved in total by PyTorch)									30	Setting status of trial#30 as TrialState.FAIL because the returned value from the objective function cannot be casted to float. Returned value is: None	FAIL
31		2020-07-26 08:55:39.478481	2020-07-26 08:55:49.212136	0.23692631350102	16.168710213219438	256	28	0.06337805834756353	1024														CUDA out of memory. Tried to allocate 9.42 GiB (GPU 0; 31.72 GiB total capacity; 12.62 GiB already allocated; 7.23 GiB free; 23.56 GiB reserved in total by PyTorch)									31	Setting status of trial#31 as TrialState.FAIL because the returned value from the objective function cannot be casted to float. Returned value is: None	FAIL
32		2020-07-26 08:55:49.212154	2020-07-26 08:56:10.855039	0.12126131251163827	26.353620579538816	512	30	0.0022486653015258086	256														CUDA out of memory. Tried to allocate 18.84 GiB (GPU 0; 31.72 GiB total capacity; 6.63 GiB already allocated; 7.24 GiB free; 23.55 GiB reserved in total by PyTorch)									32	Setting status of trial#32 as TrialState.FAIL because the returned value from the objective function cannot be casted to float. Returned value is: None	FAIL
33		2020-07-26 08:56:10.855062	2020-07-26 08:56:22.637802	0.9841965950386197	13.615112016862641	256	40	0.36986669951843304	1024														CUDA out of memory. Tried to allocate 9.42 GiB (GPU 0; 31.72 GiB total capacity; 12.62 GiB already allocated; 7.23 GiB free; 23.56 GiB reserved in total by PyTorch)									33	Setting status of trial#33 as TrialState.FAIL because the returned value from the objective function cannot be casted to float. Returned value is: None	FAIL
34	0.015102212043220445	2020-07-26 08:56:22.637823	2020-07-26 09:16:04.675279	0.8699161518355605	16.03371014641924	128	18	0.0015384654847844298	512	0.5612737984649789	0.003191646163788705	0.015102212043220445	0.006751777231034366	0.009569269492851393	2660.7728177190215	0.009284889846690706	0.003191646163788705	0.015102212043220445	0.006751777231034366	0.009569269492851393	2660.7712955929205	0.009284897016600404		1941482659.0	150.0	0.003191646163788705	0.015102212043220445	0.006751777231034366	0.009569269492851393	2660.774339845123	0.009284882839438752	34		COMPLETE
35		2020-07-26 09:16:04.676777	2020-07-26 09:16:18.778596	0.18811189507407994	10.874640180749438	512	7	0.015412242858297563	256														CUDA out of memory. Tried to allocate 18.84 GiB (GPU 0; 31.72 GiB total capacity; 6.63 GiB already allocated; 7.24 GiB free; 23.55 GiB reserved in total by PyTorch)									35	Setting status of trial#35 as TrialState.FAIL because the returned value from the objective function cannot be casted to float. Returned value is: None	FAIL
36		2020-07-26 09:16:18.778615	2020-07-26 09:16:32.276669	0.12000257026560379	29.00990108336391	256	16	0.10391960233276837	256														CUDA out of memory. Tried to allocate 9.42 GiB (GPU 0; 31.72 GiB total capacity; 12.62 GiB already allocated; 7.23 GiB free; 23.56 GiB reserved in total by PyTorch)									36	Setting status of trial#36 as TrialState.FAIL because the returned value from the objective function cannot be casted to float. Returned value is: None	FAIL
37		2020-07-26 09:16:32.276690	2020-07-26 09:16:38.905313	0.9747120627756444	9.982312812655648	256	10	0.06205316049465706	1024														CUDA out of memory. Tried to allocate 9.42 GiB (GPU 0; 31.72 GiB total capacity; 12.62 GiB already allocated; 7.23 GiB free; 23.56 GiB reserved in total by PyTorch)									37	Setting status of trial#37 as TrialState.FAIL because the returned value from the objective function cannot be casted to float. Returned value is: None	FAIL
38		2020-07-26 09:16:38.905329	2020-07-26 09:16:44.820862	0.854247233500462	4.841730943407322	256	12	0.015822634760561703	2048														CUDA out of memory. Tried to allocate 9.42 GiB (GPU 0; 31.72 GiB total capacity; 12.62 GiB already allocated; 7.23 GiB free; 23.56 GiB reserved in total by PyTorch)									38	Setting status of trial#38 as TrialState.FAIL because the returned value from the objective function cannot be casted to float. Returned value is: None	FAIL
39		2020-07-26 09:16:44.820879	2020-07-26 09:16:53.193111	0.5399774497138395	9.031582893173773	256	10	0.001949100537441811	512														CUDA out of memory. Tried to allocate 9.42 GiB (GPU 0; 31.72 GiB total capacity; 12.62 GiB already allocated; 7.23 GiB free; 23.56 GiB reserved in total by PyTorch)									39	Setting status of trial#39 as TrialState.FAIL because the returned value from the objective function cannot be casted to float. Returned value is: None	FAIL
40		2020-07-26 09:16:53.193129	2020-07-26 09:17:07.779312	0.862080702764115	22.35644015119395	256	47	0.031875150079868915	512														CUDA out of memory. Tried to allocate 9.42 GiB (GPU 0; 31.72 GiB total capacity; 12.62 GiB already allocated; 7.23 GiB free; 23.56 GiB reserved in total by PyTorch)									40	Setting status of trial#40 as TrialState.FAIL because the returned value from the objective function cannot be casted to float. Returned value is: None	FAIL
41	0.009098742616129434	2020-07-26 09:17:07.779330	2020-07-26 09:35:23.288581	0.6092435361063732	12.737168673952628	128	5	0.00010519266652179624	512	0.6749558908811291	0.0016213335752106033	0.009098742616129434	0.00382090499892289	0.005606639531060443	3205.638144990306	0.005724266052587462	0.0016213335752106033	0.009098742616129434	0.00382090499892289	0.005606639531060443	3205.6364754702436	0.005724267350587223		1215148877.0	150.0	0.0016213335752106033	0.009098742616129434	0.00382090499892289	0.005606639531060443	3205.6398145103685	0.0057242647597769356	41		COMPLETE
42	0.012607852696742593	2020-07-26 09:35:23.290249	2020-07-26 10:04:25.482179	0.43120735926274634	14.765167096706858	128	10	0.000247675394763197	512	0.6547183125546883	0.00306125919795009	0.012607852696742593	0.006054490413723511	0.008135012868626628	3110.258900327668	0.007947810475436723	0.00306125919795009	0.012607852696742593	0.006054490413723511	0.008135012868626628	3110.2569020056917	0.007947813694491558		3004580056.0	225.0	0.00306125919795009	0.012607852696742593	0.006054490413723511	0.008135012868626628	3110.2608986496443	0.007947807287234222	42		COMPLETE
43		2020-07-26 10:04:25.483777	2020-07-26 10:04:43.983960	0.34541293891670993	15.204654213616	512	42	0.13709854990077044	2048														CUDA out of memory. Tried to allocate 18.84 GiB (GPU 0; 31.72 GiB total capacity; 6.63 GiB already allocated; 7.24 GiB free; 23.55 GiB reserved in total by PyTorch)									43	Setting status of trial#43 as TrialState.FAIL because the returned value from the objective function cannot be casted to float. Returned value is: None	FAIL
44		2020-07-26 10:04:43.983981	2020-07-26 10:04:58.214711	0.10344725897121537	23.0769911840996	256	22	0.13366501081635318	256														CUDA out of memory. Tried to allocate 9.42 GiB (GPU 0; 31.72 GiB total capacity; 12.62 GiB already allocated; 7.23 GiB free; 23.56 GiB reserved in total by PyTorch)									44	Setting status of trial#44 as TrialState.FAIL because the returned value from the objective function cannot be casted to float. Returned value is: None	FAIL
45	0.005754033492443225	2020-07-26 10:04:58.214729	2020-07-26 10:18:19.545338	0.8791142636117484	22.91873130657409	64	45	0.141677447162265	1024	0.9228957746784577	0.0010430957267089196	0.005754033492443225	0.002403655370242293	0.0033730541162598215	4401.303872492886	0.003879965629288467	0.0010430957267089196	0.005754033492443225	0.002403655370242293	0.0033730541162598215	4401.30286057665	0.0038799661124560322		1711967383.0	125.0	0.0010430957267089196	0.005754033492443225	0.002403655370242293	0.0033730541162598215	4401.30488440912	0.003879965147787485	45		COMPLETE
46	0.003248336148935929	2020-07-26 10:18:19.546880	2020-07-26 10:27:06.607710	0.8880999317244829	19.52350252536484	64	2	0.43327903048130706	2048	0.9582486237996434	0.00032313291533917615	0.003248336148935929	0.000918377759385027	0.0017063685529314391	4571.018339210195	0.0025211232712992956	0.00032313291533917615	0.003248336148935929	0.000918377759385027	0.0017063685529314391	4571.017590902391	0.002521124954327393		2402389450.0	125.0	0.00032313291533917615	0.003248336148935929	0.000918377759385027	0.0017063685529314391	4571.019087517999	0.002521121602568221	46		COMPLETE
47	0.012233698794770915	2020-07-26 10:27:06.609177	2020-07-26 10:45:23.004438	0.2533678338358758	14.881426494332405	128	8	0.0008924481141837026	512	0.6954866948830241	0.003078266193494257	0.012233698794770915	0.0060148074241204545	0.008299413825553577	3306.784218075035	0.007676116781776583	0.003078266193494257	0.012233698794770915	0.0060148074241204545	0.008299413825553577	3306.781896620143	0.00767612129353273		1923239765.0	150.0	0.003078266193494257	0.012233698794770915	0.0060148074241204545	0.008299413825553577	3306.786539529927	0.00767611235888653	47		COMPLETE
48		2020-07-26 10:45:23.005926	2020-07-26 10:45:31.236243	0.16643195061815455	18.07558721738984	256	21	0.0001453599403018487	1024														CUDA out of memory. Tried to allocate 9.42 GiB (GPU 0; 31.72 GiB total capacity; 12.62 GiB already allocated; 7.23 GiB free; 23.56 GiB reserved in total by PyTorch)									48	Setting status of trial#48 as TrialState.FAIL because the returned value from the objective function cannot be casted to float. Returned value is: None	FAIL
49	0.01077109717797254	2020-07-26 10:45:31.236259	2020-07-26 11:11:42.130942	0.26491495410739985	14.805456644576019	64	19	0.004328900263080891	256	0.8341842979123498	0.002783478270728693	0.01077109717797254	0.005294844612750711	0.006938854182020204	3975.242105919568	0.006712285431208069	0.002783478270728693	0.01077109717797254	0.005294844612750711	0.006938854182020204	3975.2404222270093	0.006712289196160091		1426060087.0	150.0	0.002783478270728693	0.01077109717797254	0.005294844612750711	0.006938854182020204	3975.2437896121273	0.006712281754126507	49		COMPLETE
50	0.008894658669599428	2020-07-26 11:11:42.132605	2020-07-26 11:23:05.649351	0.7947766221758018	5.5766924653177385	64	24	0.004837740843720322	1024	0.9563683003579945	0.0017687275365933855	0.008894658669599428	0.0038265739974376128	0.0056009705325457204	4563.901175183392	0.005350287632039758	0.0017687275365933855	0.008894658669599428	0.0038265739974376128	0.0056009705325457204	4563.900163267157	0.005350288135077077		2043683272.0	125.0	0.0017687275365933855	0.008894658669599428	0.0038265739974376128	0.0056009705325457204	4563.902187099627	0.00535028713098314	50		COMPLETE
51	0.00574269549541378	2020-07-26 11:23:05.650805	2020-07-26 11:36:13.535450	0.2641768992666894	22.10573173283312	128	16	0.00023002431476604155	2048	0.7070284355894273	0.0005385548588986269	0.00574269549541378	0.001893445503917278	0.003015907209832311	3354.2312781324054	0.0039190198598302636	0.0005385548588986269	0.00574269549541378	0.001893445503917278	0.003015907209832311	3354.228755428066	0.003919022107137803		2077567869.0	150.0	0.0005385548588986269	0.00574269549541378	0.001893445503917278	0.003015907209832311	3354.233800836744	0.003919017622787304	51		COMPLETE
52		2020-07-26 11:36:13.536882	2020-07-26 11:36:36.013309	0.9184664226536787	23.341291848772197	512	46	0.0005794010479249937	512														CUDA out of memory. Tried to allocate 18.84 GiB (GPU 0; 31.72 GiB total capacity; 6.63 GiB already allocated; 7.24 GiB free; 23.55 GiB reserved in total by PyTorch)									52	Setting status of trial#52 as TrialState.FAIL because the returned value from the objective function cannot be casted to float. Returned value is: None	FAIL
53	0.009784691436410843	2020-07-26 11:36:36.013325	2020-07-26 11:49:53.941336	0.8972831170255147	11.928982551703088	64	50	0.029065152091049467	1024	0.7021191771616442	0.002171226431138675	0.009784691436410843	0.004280093878615404	0.0060658284107529565	3338.5781783240172	0.006178299584537843	0.002171226431138675	0.009784691436410843	0.004280093878615404	0.0060658284107529565	3338.5764634519664	0.006178300986245203		566550018.0	125.0	0.002171226431138675	0.009784691436410843	0.004280093878615404	0.0060658284107529565	3338.579893196068	0.006178298190187111	53		COMPLETE
54	0.010119162348779465	2020-07-26 11:49:53.942838	2020-07-26 12:07:13.809385	0.23364843465678903	22.381259158248522	128	32	0.0422703973384529	512	0.6354337207660143	0.0020748534563883943	0.010119162348779465	0.004376466853365684	0.006190546378076849	3017.232667037041	0.006402684887750987	0.0020748534563883943	0.010119162348779465	0.004376466853365684	0.006190546378076849	3017.23133482239	0.006402688739269086		2075192659.0	125.0	0.0020748534563883943	0.010119162348779465	0.004376466853365684	0.006190546378076849	3017.2339992516922	0.006402681096781726	54		COMPLETE
55		2020-07-26 12:07:13.811031	2020-07-26 12:07:27.422040	0.5034102542430332	9.614380718514036	512	25	0.04380029390354697	1024														CUDA out of memory. Tried to allocate 18.84 GiB (GPU 0; 31.72 GiB total capacity; 6.63 GiB already allocated; 7.24 GiB free; 23.55 GiB reserved in total by PyTorch)									55	Setting status of trial#55 as TrialState.FAIL because the returned value from the objective function cannot be casted to float. Returned value is: None	FAIL
56		2020-07-26 12:07:27.422062	2020-07-26 12:07:49.922935	0.6161817937305101	24.628532796959206	512	46	0.6744638887690189	512														CUDA out of memory. Tried to allocate 18.84 GiB (GPU 0; 31.72 GiB total capacity; 6.63 GiB already allocated; 7.24 GiB free; 23.55 GiB reserved in total by PyTorch)									56	Setting status of trial#56 as TrialState.FAIL because the returned value from the objective function cannot be casted to float. Returned value is: None	FAIL
57		2020-07-26 12:07:49.922952	2020-07-26 12:07:54.059835	0.8319287575097318	3.338873292766949	256	3	0.004356423984596286	2048														CUDA out of memory. Tried to allocate 9.42 GiB (GPU 0; 31.72 GiB total capacity; 12.62 GiB already allocated; 7.23 GiB free; 23.56 GiB reserved in total by PyTorch)									57	Setting status of trial#57 as TrialState.FAIL because the returned value from the objective function cannot be casted to float. Returned value is: None	FAIL
58		2020-07-26 12:07:54.059851	2020-07-26 12:08:07.353111	0.7456500489598944	17.302372078501644	512	5	0.0002810077854000382	256														CUDA out of memory. Tried to allocate 18.84 GiB (GPU 0; 31.72 GiB total capacity; 6.63 GiB already allocated; 7.24 GiB free; 23.55 GiB reserved in total by PyTorch)									58	Setting status of trial#58 as TrialState.FAIL because the returned value from the objective function cannot be casted to float. Returned value is: None	FAIL
59	0.011859544892799239	2020-07-26 12:08:07.353130	2020-07-26 12:20:13.593736	0.1993825187323386	15.172694315229105	128	10	0.016254303522856228	2048	0.7374166498840604	0.0027494642796403587	0.011859544892799239	0.005776709486502114	0.007811879953287452	3508.9783302531773	0.007209998948043487	0.0027494642796403587	0.011859544892799239	0.005776709486502114	0.007811879953287452	3508.976218551231	0.007210000429404361		1194136847.0	150.0	0.0027494642796403587	0.011859544892799239	0.005776709486502114	0.007811879953287452	3508.980441955124	0.007209997475002505	59		COMPLETE
60	0.013271125522965112	2020-07-26 12:20:13.595272	2020-07-26 12:39:00.173218	0.5351627267035837	7.349622025686341	128	36	0.0015395238902158675	1024	0.5593943334713083	0.002460345355389517	0.013271125522965112	0.005515935554824884	0.008072653884964682	2651.4909097608816	0.00829543579013827	0.002460345355389517	0.013271125522965112	0.005515935554824884	0.008072653884964682	2651.489869499654	0.00829544150371065		1759419198.0	150.0	0.002460345355389517	0.013271125522965112	0.005515935554824884	0.008072653884964682	2651.491950022109	0.008295430153595412	60		COMPLETE
61	0.004903683715234867	2020-07-26 12:39:00.174962	2020-07-26 12:49:35.138945	0.558336556163959	23.21451663678624	64	9	0.21152343316064018	1024	0.7506297219491396	0.0006462658306783523	0.004903683715234867	0.0016156645766958809	0.002551049331625075	3570.6064411161124	0.0034632783622189976	0.0006462658306783523	0.004903683715234867	0.0016156645766958809	0.002551049331625075	3570.605358337396	0.0034632893883433506		1862747587.0	125.0	0.0006462658306783523	0.004903683715234867	0.0016156645766958809	0.002551049331625075	3570.607523894829	0.0034632678200068544	61		COMPLETE
62		2020-07-26 12:49:35.140470	2020-07-26 12:49:52.904087	0.6928311456702577	23.389824080299732	256	46	0.0005217248778417224	256														CUDA out of memory. Tried to allocate 9.42 GiB (GPU 0; 31.72 GiB total capacity; 12.62 GiB already allocated; 7.23 GiB free; 23.56 GiB reserved in total by PyTorch)									62	Setting status of trial#62 as TrialState.FAIL because the returned value from the objective function cannot be casted to float. Returned value is: None	FAIL
63		2020-07-26 12:49:52.904121	2020-07-26 12:49:58.584395	0.8551915203740537	13.276268826779383	256	6	0.0976028740458586	1024														CUDA out of memory. Tried to allocate 9.42 GiB (GPU 0; 31.72 GiB total capacity; 12.62 GiB already allocated; 7.23 GiB free; 23.56 GiB reserved in total by PyTorch)									63	Setting status of trial#63 as TrialState.FAIL because the returned value from the objective function cannot be casted to float. Returned value is: None	FAIL
64	0.013480878468009841	2020-07-26 12:49:58.584411	2020-07-26 13:16:09.816333	0.32626152763188615	16.322132314410133	64	20	0.004030932702250981	256	0.5828099450016453	0.0028628442499348066	0.013480878468009841	0.0057710404879873925	0.008265399834465243	2764.247743738591	0.008379537816374426	0.0028628442499348066	0.013480878468009841	0.0057710404879873925	0.008265399834465243	2764.2462896404722	0.008379540654210007		760269778.0	150.0	0.0028628442499348066	0.013480878468009841	0.0057710404879873925	0.008265399834465243	2764.24919783671	0.008379534999804405	64		COMPLETE
65		2020-07-26 13:16:09.817843	2020-07-26 13:16:23.848723	0.5639125974218323	19.628143154631122	256	24	0.0019356588848970448	256														CUDA out of memory. Tried to allocate 9.42 GiB (GPU 0; 31.72 GiB total capacity; 12.62 GiB already allocated; 7.23 GiB free; 23.56 GiB reserved in total by PyTorch)									65	Setting status of trial#65 as TrialState.FAIL because the returned value from the objective function cannot be casted to float. Returned value is: None	FAIL
66		2020-07-26 13:16:23.848761	2020-07-26 13:16:31.746527	0.36383909045609286	19.145568488099443	512	3	0.0013517349167999468	512														CUDA out of memory. Tried to allocate 18.84 GiB (GPU 0; 31.72 GiB total capacity; 6.63 GiB already allocated; 7.24 GiB free; 23.55 GiB reserved in total by PyTorch)									66	Setting status of trial#66 as TrialState.FAIL because the returned value from the objective function cannot be casted to float. Returned value is: None	FAIL
67		2020-07-26 13:16:31.746561	2020-07-26 13:16:56.889450	0.344349719137355	1.9622637796831353	512	41	0.004696887653713187	256														CUDA out of memory. Tried to allocate 18.84 GiB (GPU 0; 31.72 GiB total capacity; 6.63 GiB already allocated; 7.24 GiB free; 23.55 GiB reserved in total by PyTorch)									67	Setting status of trial#67 as TrialState.FAIL because the returned value from the objective function cannot be casted to float. Returned value is: None	FAIL
68	0.009427544529983333	2020-07-26 13:16:56.889465	2020-07-26 13:48:11.645192	0.6357356127732805	6.604889986488139	64	20	0.00022537269525288299	256	0.8371518165785363	0.001972811483123391	0.009427544529983333	0.004336783863762628	0.005850406467193506	3989.3554093583825	0.0057455228928110814	0.001972811483123391	0.009427544529983333	0.004336783863762628	0.005850406467193506	3989.354068640234	0.005745523446197363		1605883312.0	175.0	0.001972811483123391	0.009427544529983333	0.004336783863762628	0.005850406467193506	3989.3567500765316	0.005745522341170049	68		COMPLETE
69	0.002210909420741732	2020-07-26 13:48:11.646607	2020-07-26 14:05:23.423081	0.27890063580758473	14.912547586200734	128	31	0.972257196265346	512	0.7677648984376825	0.00024376693613306272	0.002210909420741732	0.0006349278336489076	0.0010997857118561435	3645.5862283019082	0.0020183529592681785	0.00024376693613306272	0.002210909420741732	0.0006349278336489076	0.0010997857118561435	3645.58538078663	0.0020183542873117343		11978108.0	125.0	0.00024376693613306272	0.002210909420741732	0.0006349278336489076	0.0010997857118561435	3645.5870758171864	0.0020183516367031406	69		COMPLETE
70	0.009710994455719452	2020-07-26 14:05:23.424497	2020-07-26 14:19:33.241657	0.1269963761012068	5.83055300096181	128	10	0.00021327781010481485	1024	0.8204613913585035	0.002080522454903117	0.009710994455719452	0.004387804850395129	0.00616787038401796	3908.8312565902106	0.005846131732303075	0.002080522454903117	0.009710994455719452	0.004387804850395129	0.00616787038401796	3908.8295785666505	0.005846132906926828		2194308815.0	150.0	0.002080522454903117	0.009710994455719452	0.004387804850395129	0.00616787038401796	3908.832934613771	0.005846130565016742	70		COMPLETE
71	0.010924160137870044	2020-07-26 14:19:33.243150	2020-07-26 14:46:06.476939	0.44733074303963793	12.8948660124826	64	33	0.0007903207415937732	256	0.7814291216547692	0.002857175251420084	0.010924160137870044	0.005498928559280717	0.007250649100329936	3720.843529971995	0.006887052505307611	0.002857175251420084	0.010924160137870044	0.005498928559280717	0.007250649100329936	3720.841647864488	0.0068870533632311584		1675109719.0	150.0	0.002857175251420084	0.010924160137870044	0.005498928559280717	0.007250649100329936	3720.8454120795022	0.006887051653770226	71		COMPLETE
72		2020-07-26 14:46:06.478524	2020-07-26 14:46:14.175276	0.7735389462148785	12.675382461854518	256	24	0.00044843421736018887	2048														CUDA out of memory. Tried to allocate 9.42 GiB (GPU 0; 31.72 GiB total capacity; 12.62 GiB already allocated; 7.23 GiB free; 23.56 GiB reserved in total by PyTorch)									72	Setting status of trial#72 as TrialState.FAIL because the returned value from the objective function cannot be casted to float. Returned value is: None	FAIL
73	0.010436626265603918	2020-07-26 14:46:14.175290	2020-07-26 15:13:19.765671	0.34255062705755296	14.733411287812176	64	41	0.0024652778890293433	256	0.9176170214249587	0.0026757672989489675	0.010436626265603918	0.005119105658794317	0.00702388915974104	4377.404556741006	0.006525683032915645	0.0026757672989489675	0.010436626265603918	0.005119105658794317	0.00702388915974104	4377.40297509042	0.006525684239633739		1317423671.0	150.0	0.0026757672989489675	0.010436626265603918	0.005119105658794317	0.00702388915974104	4377.406138391591	0.006525681835278146	73		COMPLETE
74		2020-07-26 15:13:19.767320	2020-07-26 15:13:31.996072	0.7972380813722485	22.662733776628865	256	35	0.31513623872963364	512														CUDA out of memory. Tried to allocate 9.42 GiB (GPU 0; 31.72 GiB total capacity; 12.62 GiB already allocated; 7.23 GiB free; 23.56 GiB reserved in total by PyTorch)									74	Setting status of trial#74 as TrialState.FAIL because the returned value from the objective function cannot be casted to float. Returned value is: None	FAIL
75	0.013826687377407908	2020-07-26 15:13:31.996088	2020-07-26 15:37:30.137398	0.5605982440197158	12.243727854585043	128	2	0.0016040653938919798	256	0.600754359412542	0.0031066111860678695	0.013826687377407908	0.006207553373621016	0.008741595709701924	2850.5533877935122	0.008569592711729593	0.0031066111860678695	0.013826687377407908	0.006207553373621016	0.008741595709701924	2850.551672921462	0.008569600575293403		2567225740.0	150.0	0.0031066111860678695	0.013826687377407908	0.006207553373621016	0.008741595709701924	2850.555102665563	0.008569585011123003	75		COMPLETE
76		2020-07-26 15:37:30.139039	2020-07-26 15:37:51.325969	0.3327198720771924	9.253402340324186	512	42	0.014590898337839211	512														CUDA out of memory. Tried to allocate 18.84 GiB (GPU 0; 31.72 GiB total capacity; 6.63 GiB already allocated; 7.24 GiB free; 23.55 GiB reserved in total by PyTorch)									76	Setting status of trial#76 as TrialState.FAIL because the returned value from the objective function cannot be casted to float. Returned value is: None	FAIL
77		2020-07-26 15:37:51.325989	2020-07-26 15:38:05.290714	0.4383357503436357	23.573572234722146	512	8	0.006680569576844432	256														CUDA out of memory. Tried to allocate 18.84 GiB (GPU 0; 31.72 GiB total capacity; 6.63 GiB already allocated; 7.24 GiB free; 23.55 GiB reserved in total by PyTorch)									77	Setting status of trial#77 as TrialState.FAIL because the returned value from the objective function cannot be casted to float. Returned value is: None	FAIL
78	0.01497182507738183	2020-07-26 15:38:05.290730	2020-07-26 16:05:12.212274	0.6757926476000282	19.474823806050562	128	18	0.0003881159502522169	1024	0.5798512086873621	0.003293688137053708	0.01497182507738183	0.006473996303812969	0.009342509552262497	2750.0354794272043	0.009190974498236698	0.003293688137053708	0.01497182507738183	0.006473996303812969	0.009342509552262497	2750.033821245139	0.009190979105099716		3144450900.0	250.0	0.003293688137053708	0.01497182507738183	0.006473996303812969	0.009342509552262497	2750.03713760927	0.009190969935084791	78		COMPLETE
79	0.008934341659202484	2020-07-26 16:05:12.213860	2020-07-26 16:30:54.544804	0.7893266586910147	21.223505030054817	64	5	0.0002244190984431384	256	0.7021761510511387	0.0029762242202292545	0.008934341659202484	0.004682592773160694	0.005946779441943786	3337.584717513804	0.00648707955031211	0.0029762242202292545	0.008934341659202484	0.004682592773160694	0.005946779441943786	3337.5826653363415	0.006487082582087868		1275101193.0	150.0	0.0029762242202292545	0.008934341659202484	0.004682592773160694	0.005946779441943786	3337.5867696912665	0.006487076555585196	79		COMPLETE
80		2020-07-26 16:30:54.546364	2020-07-26 16:31:06.768439	0.47853618801648756	15.390184507333641	512	21	0.020155961593246764	1024														CUDA out of memory. Tried to allocate 18.84 GiB (GPU 0; 31.72 GiB total capacity; 6.63 GiB already allocated; 7.24 GiB free; 23.55 GiB reserved in total by PyTorch)									80	Setting status of trial#80 as TrialState.FAIL because the returned value from the objective function cannot be casted to float. Returned value is: None	FAIL
81		2020-07-26 16:31:06.768455	2020-07-26 16:31:15.190453	0.1569845694250812	14.639808053131773	512	5	0.0043200831238410925	512														CUDA out of memory. Tried to allocate 18.84 GiB (GPU 0; 31.72 GiB total capacity; 6.63 GiB already allocated; 7.24 GiB free; 23.55 GiB reserved in total by PyTorch)									81	Setting status of trial#81 as TrialState.FAIL because the returned value from the objective function cannot be casted to float. Returned value is: None	FAIL
82		2020-07-26 16:31:15.190469	2020-07-26 16:31:24.705018	0.5695195432422282	6.452442337891234	256	19	0.3028183534242094	512														CUDA out of memory. Tried to allocate 9.42 GiB (GPU 0; 31.72 GiB total capacity; 12.62 GiB already allocated; 7.23 GiB free; 23.56 GiB reserved in total by PyTorch)									82	Setting status of trial#82 as TrialState.FAIL because the returned value from the objective function cannot be casted to float. Returned value is: None	FAIL
83		2020-07-26 16:31:24.705032	2020-07-26 16:31:36.403445	0.9754951102709887	18.872466422351792	256	5	0.0019100715923895271	256														CUDA out of memory. Tried to allocate 9.42 GiB (GPU 0; 31.72 GiB total capacity; 12.62 GiB already allocated; 7.23 GiB free; 23.56 GiB reserved in total by PyTorch)									83	Setting status of trial#83 as TrialState.FAIL because the returned value from the objective function cannot be casted to float. Returned value is: None	FAIL
84		2020-07-26 16:31:36.403461	2020-07-26 16:31:48.233022	0.20518450459910084	24.686263396960072	256	8	0.010067335048969514	256														CUDA out of memory. Tried to allocate 9.42 GiB (GPU 0; 31.72 GiB total capacity; 12.62 GiB already allocated; 7.23 GiB free; 23.56 GiB reserved in total by PyTorch)									84	Setting status of trial#84 as TrialState.FAIL because the returned value from the objective function cannot be casted to float. Returned value is: None	FAIL
85	0.011780178913593125	2020-07-26 16:31:48.233037	2020-07-26 16:47:44.956566	0.4084603536081174	7.281041052517437	128	20	0.0016733877956089786	1024	0.6114296479720098	0.0022052404222270092	0.011780178913593125	0.005090760666220705	0.0072903320899329925	2901.9714452544813	0.007163118929750943	0.0022052404222270092	0.011780178913593125	0.005090760666220705	0.0072903320899329925	2901.970118708829	0.007163123835872586		77292875.0	150.0	0.0022052404222270092	0.011780178913593125	0.005090760666220705	0.0072903320899329925	2901.9727718001336	0.007163114126167884	85		COMPLETE
86		2020-07-26 16:47:44.957934	2020-07-26 16:48:03.765710	0.989117522457884	18.26965503328655	512	35	0.010291675374901455	512														CUDA out of memory. Tried to allocate 18.84 GiB (GPU 0; 31.72 GiB total capacity; 6.63 GiB already allocated; 7.24 GiB free; 23.55 GiB reserved in total by PyTorch)									86	Setting status of trial#86 as TrialState.FAIL because the returned value from the objective function cannot be casted to float. Returned value is: None	FAIL
87	0.01093549813489949	2020-07-26 16:48:03.765746	2020-07-26 17:04:41.004231	0.14276106750741333	16.764090393273605	64	3	0.0022232507060585974	512	0.7620924425539776	0.0027608022766698035	0.01093549813489949	0.005158788648397374	0.007154276125579655	3627.814331795145	0.006785810230887267	0.0027608022766698035	0.01093549813489949	0.005158788648397374	0.007154276125579655	3627.812458191136	0.006785814407126699		3828778788.0	150.0	0.0027608022766698035	0.01093549813489949	0.005158788648397374	0.007154276125579655	3627.816205399154	0.006785806144684843	87		COMPLETE
88		2020-07-26 17:04:41.005689	2020-07-26 17:04:55.691012	0.16641395246326052	17.997633729876927	256	50	0.001293956021391411	512														CUDA out of memory. Tried to allocate 9.42 GiB (GPU 0; 31.72 GiB total capacity; 12.62 GiB already allocated; 7.23 GiB free; 23.56 GiB reserved in total by PyTorch)									88	Setting status of trial#88 as TrialState.FAIL because the returned value from the objective function cannot be casted to float. Returned value is: None	FAIL
89	0.01176884091656368	2020-07-26 17:04:55.691026	2020-07-26 17:19:37.931664	0.5539452008431887	15.463810702807944	128	13	0.012262713229822957	1024	0.7657682688882858	0.0029762242202292545	0.01176884091656368	0.005754033492443225	0.007930928922096622	3645.4930554768193	0.007283721535333123	0.0029762242202292545	0.01176884091656368	0.005754033492443225	0.007930928922096622	3645.491076996338	0.007283725850269881		573257765.0	150.0	0.0029762242202292545	0.01176884091656368	0.005754033492443225	0.007930928922096622	3645.495033957301	0.007283717289897163	89		COMPLETE
90		2020-07-26 17:19:37.933156	2020-07-26 17:19:57.206826	0.17859577442573893	10.87099043904735	512	24	0.00045365054995141676	256														CUDA out of memory. Tried to allocate 18.84 GiB (GPU 0; 31.72 GiB total capacity; 6.63 GiB already allocated; 7.24 GiB free; 23.55 GiB reserved in total by PyTorch)									90	Setting status of trial#90 as TrialState.FAIL because the returned value from the objective function cannot be casted to float. Returned value is: None	FAIL
91	0.011445708001224504	2020-07-26 17:19:57.206844	2020-07-26 17:42:24.843376	0.42399082608167116	27.035979771892244	64	29	0.0012637510512284475	1024	0.6756550166493522	0.002794816267758138	0.011445708001224504	0.00512477465730904	0.007086248143402986	3211.1983525890314	0.007226591847465456	0.002794816267758138	0.011445708001224504	0.00512477465730904	0.007086248143402986	3211.196759600449	0.0072265941906054934		3218278125.0	225.0	0.002794816267758138	0.011445708001224504	0.00512477465730904	0.007086248143402986	3211.1999455776145	0.007226589528010607	91		COMPLETE
92	0.00690484019093187	2020-07-26 17:42:24.844861	2020-07-26 17:53:32.547484	0.8136174237243836	10.054153170384517	64	20	0.0750777645728454	1024	0.9063032332205176	0.001179151691062257	0.00690484019093187	0.002551049331625075	0.003911608975158448	4321.904344153561	0.004257599875777824	0.001179151691062257	0.00690484019093187	0.002551049331625075	0.003911608975158448	4321.90297509042	0.004257601784949567		2321236242.0	125.0	0.001179151691062257	0.00690484019093187	0.002551049331625075	0.003911608975158448	4321.905713216704	0.00425759799100154	92		COMPLETE
93		2020-07-26 17:53:32.549025	2020-07-26 17:53:40.859732	0.7198868710462032	19.363289706581977	256	12	0.1546951032933026	512														CUDA out of memory. Tried to allocate 9.42 GiB (GPU 0; 31.72 GiB total capacity; 12.62 GiB already allocated; 7.23 GiB free; 23.56 GiB reserved in total by PyTorch)									93	Setting status of trial#93 as TrialState.FAIL because the returned value from the objective function cannot be casted to float. Returned value is: None	FAIL
94	0.013611265433848456	2020-07-26 17:53:40.859747	2020-07-26 18:50:54.485230	0.18775510730215644	24.549017135528842	128	13	0.00012210051566746165	256	0.6250985976426547	0.0037698840122903886	0.013611265433848456	0.0068254742117257565	0.00901937663692332	2967.596920033107	0.008969213216216671	0.0037698840122903886	0.013611265433848456	0.0068254742117257565	0.00901937663692332	2967.5951428020726	0.008969218276681712		1558504783.0	300.0	0.0037698840122903886	0.013611265433848456	0.0068254742117257565	0.00901937663692332	2967.5986972641413	0.008969208253050821	94		COMPLETE
95	0.004404811845939297	2020-07-26 18:50:54.486752	2020-07-26 19:05:20.061590	0.8981423933174307	1.432379033023698	64	29	0.08946579515298243	1024	0.8755596750291367	0.0004988718692955702	0.004404811845939297	0.0012925316613567046	0.002199571423712287	4171.857359493872	0.0031021367611635082	0.0004988718692955702	0.004404811845939297	0.0012925316613567046	0.002199571423712287	4171.855060714974	0.003102137740987901		603343155.0	150.0	0.0004988718692955702	0.004404811845939297	0.0012925316613567046	0.002199571423712287	4171.85965827277	0.003102135785184652	95		COMPLETE
96	0.002466014353904239	2020-07-26 19:05:20.063017	2020-07-26 19:21:40.943367	0.2893906866622376	7.09520451138879	128	25	0.5398299183591393	512	0.7652421535062273	0.00028344992573611945	0.002466014353904239	0.0007256318098844658	0.0012641866687830927	3633.591202848105	0.002092789283751812	0.00028344992573611945	0.002466014353904239	0.0007256318098844658	0.0012641866687830927	3633.5903298223334	0.002092791872011371		3566541709.0	125.0	0.00028344992573611945	0.002466014353904239	0.0007256318098844658	0.0012641866687830927	3633.592075873876	0.002092786716690188	96		COMPLETE
97	0.009983106384426127	2020-07-26 19:21:40.944746	2020-07-26 19:40:45.839130	0.853875082700929	8.221908382400285	64	47	0.0007457075141186056	1024	0.8223600744543568	0.001995487477182281	0.009983106384426127	0.0043934738489098514	0.0063946303246068545	3918.0841364414564	0.005994991099750752	0.001995487477182281	0.009983106384426127	0.0043934738489098514	0.0063946303246068545	3918.082835406297	0.005994992174770093		1502190650.0	175.0	0.001995487477182281	0.009983106384426127	0.0043934738489098514	0.0063946303246068545	3918.0854374766154	0.005994990031670806	97		COMPLETE
98		2020-07-26 19:40:45.840604	2020-07-26 19:41:13.025176	0.94074776701862	26.58687325643758	512	47	0.20252679513219984	256														CUDA out of memory. Tried to allocate 18.84 GiB (GPU 0; 31.72 GiB total capacity; 6.63 GiB already allocated; 7.24 GiB free; 23.55 GiB reserved in total by PyTorch)									98	Setting status of trial#98 as TrialState.FAIL because the returned value from the objective function cannot be casted to float. Returned value is: None	FAIL
99		2020-07-26 19:41:13.025210	2020-07-26 19:41:22.754610	0.5221556880809971	12.62520950591857	256	30	0.04747639401933943	1024														CUDA out of memory. Tried to allocate 9.42 GiB (GPU 0; 31.72 GiB total capacity; 12.62 GiB already allocated; 7.23 GiB free; 23.56 GiB reserved in total by PyTorch)									99	Setting status of trial#99 as TrialState.FAIL because the returned value from the objective function cannot be casted to float. Returned value is: None	FAIL
